nCoV-2019_1_LEFT 	 nCoV-2019_1_RIGHT
nCoV-2019_2_LEFT 	 nCoV-2019_2_RIGHT
nCoV-2019_3_LEFT 	 nCoV-2019_3_RIGHT
nCoV-2019_4_LEFT 	 nCoV-2019_4_RIGHT
nCoV-2019_5_LEFT 	 nCoV-2019_5_RIGHT
nCoV-2019_6_LEFT 	 nCoV-2019_6_RIGHT
nCoV-2019_7_LEFT 	 nCoV-2019_7_LEFT_alt0
nCoV-2019_7_RIGHT 	 nCoV-2019_7_RIGHT_alt5
nCoV-2019_8_LEFT 	 nCoV-2019_8_RIGHT
nCoV-2019_9_LEFT 	 nCoV-2019_9_LEFT_alt4
nCoV-2019_9_RIGHT 	 nCoV-2019_9_RIGHT_alt2
nCoV-2019_10_LEFT 	 nCoV-2019_10_RIGHT
nCoV-2019_11_LEFT 	 nCoV-2019_11_RIGHT
nCoV-2019_12_LEFT 	 nCoV-2019_12_RIGHT
nCoV-2019_13_LEFT 	 nCoV-2019_13_RIGHT
nCoV-2019_14_LEFT 	 nCoV-2019_14_LEFT_alt4
nCoV-2019_14_RIGHT 	 nCoV-2019_14_RIGHT_alt2
nCoV-2019_15_LEFT 	 nCoV-2019_15_LEFT_alt1
nCoV-2019_15_RIGHT 	 nCoV-2019_15_RIGHT_alt3
nCoV-2019_16_LEFT 	 nCoV-2019_16_RIGHT
nCoV-2019_17_LEFT 	 nCoV-2019_17_RIGHT
nCoV-2019_18_LEFT 	 nCoV-2019_18_LEFT_alt2
nCoV-2019_18_RIGHT 	 nCoV-2019_18_RIGHT_alt1
nCoV-2019_19_LEFT 	 nCoV-2019_19_RIGHT
nCoV-2019_20_LEFT 	 nCoV-2019_20_RIGHT
nCoV-2019_21_LEFT 	 nCoV-2019_21_LEFT_alt2
nCoV-2019_21_RIGHT 	 nCoV-2019_21_RIGHT_alt0
nCoV-2019_22_LEFT 	 nCoV-2019_22_RIGHT
nCoV-2019_23_LEFT 	 nCoV-2019_23_RIGHT
nCoV-2019_24_LEFT 	 nCoV-2019_24_RIGHT
nCoV-2019_25_LEFT 	 nCoV-2019_25_RIGHT
nCoV-2019_26_LEFT 	 nCoV-2019_26_RIGHT
nCoV-2019_27_LEFT 	 nCoV-2019_27_RIGHT
nCoV-2019_28_LEFT 	 nCoV-2019_28_RIGHT
nCoV-2019_29_LEFT 	 nCoV-2019_29_RIGHT
nCoV-2019_30_LEFT 	 nCoV-2019_30_RIGHT
nCoV-2019_31_LEFT 	 nCoV-2019_31_RIGHT
nCoV-2019_32_LEFT 	 nCoV-2019_32_RIGHT
nCoV-2019_33_LEFT 	 nCoV-2019_33_RIGHT
nCoV-2019_34_LEFT 	 nCoV-2019_34_RIGHT
nCoV-2019_35_LEFT 	 nCoV-2019_35_RIGHT
nCoV-2019_36_LEFT 	 nCoV-2019_36_RIGHT
nCoV-2019_37_LEFT 	 nCoV-2019_37_RIGHT
nCoV-2019_38_LEFT 	 nCoV-2019_38_RIGHT
nCoV-2019_39_LEFT 	 nCoV-2019_39_RIGHT
nCoV-2019_40_LEFT 	 nCoV-2019_40_RIGHT
nCoV-2019_41_LEFT 	 nCoV-2019_41_RIGHT
nCoV-2019_42_LEFT 	 nCoV-2019_42_RIGHT
nCoV-2019_43_LEFT 	 nCoV-2019_43_RIGHT
nCoV-2019_44_LEFT 	 nCoV-2019_44_LEFT_alt3
nCoV-2019_44_RIGHT 	 nCoV-2019_44_RIGHT_alt0
nCoV-2019_45_LEFT 	 nCoV-2019_45_LEFT_alt2
nCoV-2019_45_RIGHT 	 nCoV-2019_45_RIGHT_alt7
nCoV-2019_46_LEFT 	 nCoV-2019_46_LEFT_alt1
nCoV-2019_46_RIGHT 	 nCoV-2019_46_RIGHT_alt2
nCoV-2019_47_LEFT 	 nCoV-2019_47_RIGHT
nCoV-2019_48_LEFT 	 nCoV-2019_48_RIGHT
nCoV-2019_49_LEFT 	 nCoV-2019_49_RIGHT
nCoV-2019_50_LEFT 	 nCoV-2019_50_RIGHT
nCoV-2019_51_LEFT 	 nCoV-2019_51_RIGHT
nCoV-2019_52_LEFT 	 nCoV-2019_52_RIGHT
nCoV-2019_53_LEFT 	 nCoV-2019_53_RIGHT
nCoV-2019_54_LEFT 	 nCoV-2019_54_RIGHT
nCoV-2019_55_LEFT 	 nCoV-2019_55_RIGHT
nCoV-2019_56_LEFT 	 nCoV-2019_56_RIGHT
nCoV-2019_57_LEFT 	 nCoV-2019_57_RIGHT
nCoV-2019_58_LEFT 	 nCoV-2019_58_RIGHT
nCoV-2019_59_LEFT 	 nCoV-2019_59_RIGHT
nCoV-2019_60_LEFT 	 nCoV-2019_60_RIGHT
nCoV-2019_61_LEFT 	 nCoV-2019_61_RIGHT
nCoV-2019_62_LEFT 	 nCoV-2019_62_RIGHT
nCoV-2019_63_LEFT 	 nCoV-2019_63_RIGHT
nCoV-2019_64_LEFT 	 nCoV-2019_64_RIGHT
nCoV-2019_65_LEFT 	 nCoV-2019_65_RIGHT
nCoV-2019_66_LEFT 	 nCoV-2019_66_RIGHT
nCoV-2019_67_LEFT 	 nCoV-2019_67_RIGHT
nCoV-2019_68_LEFT 	 nCoV-2019_68_RIGHT
nCoV-2019_69_LEFT 	 nCoV-2019_69_RIGHT
nCoV-2019_70_LEFT 	 nCoV-2019_70_RIGHT
nCoV-2019_71_LEFT 	 nCoV-2019_71_RIGHT
nCoV-2019_72_LEFT 	 nCoV-2019_72_RIGHT
nCoV-2019_73_LEFT 	 nCoV-2019_73_RIGHT
nCoV-2019_74_LEFT 	 nCoV-2019_74_RIGHT
nCoV-2019_75_LEFT 	 nCoV-2019_75_RIGHT
nCoV-2019_76_LEFT 	 nCoV-2019_76_LEFT_alt3
nCoV-2019_76_RIGHT 	 nCoV-2019_76_RIGHT_alt0
nCoV-2019_77_LEFT 	 nCoV-2019_77_RIGHT
nCoV-2019_78_LEFT 	 nCoV-2019_78_RIGHT
nCoV-2019_79_LEFT 	 nCoV-2019_79_RIGHT
nCoV-2019_80_LEFT 	 nCoV-2019_80_RIGHT
nCoV-2019_81_LEFT 	 nCoV-2019_81_RIGHT
nCoV-2019_82_LEFT 	 nCoV-2019_82_RIGHT
nCoV-2019_83_LEFT 	 nCoV-2019_83_RIGHT
nCoV-2019_84_LEFT 	 nCoV-2019_84_RIGHT
nCoV-2019_85_LEFT 	 nCoV-2019_85_RIGHT
nCoV-2019_86_LEFT 	 nCoV-2019_86_RIGHT
nCoV-2019_87_LEFT 	 nCoV-2019_87_RIGHT
nCoV-2019_88_LEFT 	 nCoV-2019_88_RIGHT
nCoV-2019_89_LEFT 	 nCoV-2019_89_LEFT_alt2
nCoV-2019_89_RIGHT 	 nCoV-2019_89_RIGHT_alt4
nCoV-2019_90_LEFT 	 nCoV-2019_90_RIGHT
nCoV-2019_91_LEFT 	 nCoV-2019_91_RIGHT
nCoV-2019_92_LEFT 	 nCoV-2019_92_RIGHT
nCoV-2019_93_LEFT 	 nCoV-2019_93_RIGHT
nCoV-2019_94_LEFT 	 nCoV-2019_94_RIGHT
nCoV-2019_95_LEFT 	 nCoV-2019_95_RIGHT
nCoV-2019_96_LEFT 	 nCoV-2019_96_RIGHT
nCoV-2019_97_LEFT 	 nCoV-2019_97_RIGHT
nCoV-2019_98_LEFT 	 nCoV-2019_98_RIGHT
SARS-CoV-2_1_LEFT	SARS-CoV-2_1_RIGHT
SARS-CoV-2_2_LEFT	SARS-CoV-2_2_RIGHT
SARS-CoV-2_3_LEFT	SARS-CoV-2_3_RIGHT
SARS-CoV-2_4_LEFT	SARS-CoV-2_4_RIGHT
SARS-CoV-2_5_LEFT	SARS-CoV-2_5_RIGHT
SARS-CoV-2_6_LEFT	SARS-CoV-2_6_RIGHT
SARS-CoV-2_7_LEFT	SARS-CoV-2_7_RIGHT
SARS-CoV-2_8_LEFT	SARS-CoV-2_8_RIGHT
SARS-CoV-2_9_LEFT	SARS-CoV-2_9_RIGHT
SARS-CoV-2_10_LEFT_alt1	SARS-CoV-2_10_RIGHT
SARS-CoV-2_11_LEFT	SARS-CoV-2_11_RIGHT
SARS-CoV-2_12_LEFT	SARS-CoV-2_12_RIGHT
SARS-CoV-2_13_LEFT	SARS-CoV-2_13_RIGHT
SARS-CoV-2_14_LEFT	SARS-CoV-2_14_RIGHT
SARS-CoV-2_15_LEFT	SARS-CoV-2_15_RIGHT
SARS-CoV-2_16_LEFT	SARS-CoV-2_16_RIGHT
SARS-CoV-2_17_LEFT	SARS-CoV-2_17_RIGHT
SARS-CoV-2_18_LEFT	SARS-CoV-2_18_RIGHT
SARS-CoV-2_19_LEFT	SARS-CoV-2_19_RIGHT
SARS-CoV-2_20_LEFT	SARS-CoV-2_20_RIGHT
SARS-CoV-2_21_LEFT	SARS-CoV-2_21_RIGHT
SARS-CoV-2_22_LEFT	SARS-CoV-2_22_RIGHT
SARS-CoV-2_23_LEFT	SARS-CoV-2_23_RIGHT
SARS-CoV-2_24_LEFT	SARS-CoV-2_24_RIGHT
SARS-CoV-2_25_LEFT	SARS-CoV-2_25_RIGHT
SARS-CoV-2_26_LEFT	SARS-CoV-2_26_RIGHT
SARS-CoV-2_27_LEFT	SARS-CoV-2_27_RIGHT
SARS-CoV-2_28_LEFT	SARS-CoV-2_28_RIGHT
SARS-CoV-2_29_LEFT	SARS-CoV-2_29_RIGHT
SARS-CoV-2_30_LEFT	SARS-CoV-2_30_RIGHT
SARS-CoV-2_31_LEFT	SARS-CoV-2_31_RIGHT
SARS-CoV-2_32_LEFT	SARS-CoV-2_32_RIGHT
SARS-CoV-2_33_LEFT	SARS-CoV-2_33_RIGHT
SARS-CoV-2_34_LEFT	SARS-CoV-2_34_RIGHT
SARS-CoV-2_35_LEFT	SARS-CoV-2_35_RIGHT
SARS-CoV-2_36_LEFT	SARS-CoV-2_36_RIGHT
SARS-CoV-2_37_LEFT	SARS-CoV-2_37_RIGHT
SARS-CoV-2_38_LEFT	SARS-CoV-2_38_RIGHT
SARS-CoV-2_39_LEFT	SARS-CoV-2_39_RIGHT
SARS-CoV-2_40_LEFT	SARS-CoV-2_40_RIGHT
SARS-CoV-2_41_LEFT	SARS-CoV-2_41_RIGHT
SARS-CoV-2_42_LEFT	SARS-CoV-2_42_RIGHT
SARS-CoV-2_43_LEFT	SARS-CoV-2_43_RIGHT
SARS-CoV-2_44_LEFT	SARS-CoV-2_44_RIGHT
SARS-CoV-2_45_LEFT	SARS-CoV-2_45_RIGHT
SARS-CoV-2_46_LEFT	SARS-CoV-2_46_RIGHT
SARS-CoV-2_47_LEFT	SARS-CoV-2_47_RIGHT
SARS-CoV-2_48_LEFT	SARS-CoV-2_48_RIGHT
SARS-CoV-2_49_LEFT	SARS-CoV-2_49_RIGHT
SARS-CoV-2_50_LEFT	SARS-CoV-2_50_RIGHT
SARS-CoV-2_51_LEFT	SARS-CoV-2_51_RIGHT
SARS-CoV-2_52_LEFT	SARS-CoV-2_52_RIGHT
SARS-CoV-2_53_LEFT	SARS-CoV-2_53_RIGHT
SARS-CoV-2_54_LEFT	SARS-CoV-2_54_RIGHT
SARS-CoV-2_55_LEFT	SARS-CoV-2_55_RIGHT
SARS-CoV-2_56_LEFT	SARS-CoV-2_56_RIGHT
SARS-CoV-2_57_LEFT	SARS-CoV-2_57_RIGHT
SARS-CoV-2_58_LEFT	SARS-CoV-2_58_RIGHT
SARS-CoV-2_59_LEFT	SARS-CoV-2_59_RIGHT
SARS-CoV-2_60_LEFT	SARS-CoV-2_60_RIGHT
SARS-CoV-2_61_LEFT	SARS-CoV-2_61_RIGHT
SARS-CoV-2_62_LEFT	SARS-CoV-2_62_RIGHT
SARS-CoV-2_63_LEFT	SARS-CoV-2_63_RIGHT
SARS-CoV-2_64_LEFT	SARS-CoV-2_64_RIGHT
SARS-CoV-2_65_LEFT	SARS-CoV-2_65_RIGHT
SARS-CoV-2_66_LEFT	SARS-CoV-2_66_RIGHT
SARS-CoV-2_67_LEFT	SARS-CoV-2_67_RIGHT
SARS-CoV-2_68_LEFT	SARS-CoV-2_68_RIGHT
SARS-CoV-2_69_LEFT	SARS-CoV-2_69_RIGHT
SARS-CoV-2_70_LEFT	SARS-CoV-2_70_RIGHT
SARS-CoV-2_71_LEFT	SARS-CoV-2_71_RIGHT
SARS-CoV-2_72_LEFT	SARS-CoV-2_72_RIGHT
SARS-CoV-2_73_LEFT	SARS-CoV-2_73_RIGHT
SARS-CoV-2_74_LEFT	SARS-CoV-2_74_RIGHT
SARS-CoV-2_75_LEFT	SARS-CoV-2_75_RIGHT
SARS-CoV-2_76_LEFT	SARS-CoV-2_76_RIGHT_alt1
SARS-CoV-2_77_LEFT	SARS-CoV-2_77_RIGHT
SARS-CoV-2_78_LEFT	SARS-CoV-2_78_RIGHT
SARS-CoV-2_79_LEFT	SARS-CoV-2_79_RIGHT
SARS-CoV-2_80_LEFT	SARS-CoV-2_80_RIGHT
SARS-CoV-2_81_LEFT	SARS-CoV-2_81_RIGHT
SARS-CoV-2_82_LEFT	SARS-CoV-2_82_RIGHT
SARS-CoV-2_83_LEFT	SARS-CoV-2_83_RIGHT
SARS-CoV-2_84_LEFT	SARS-CoV-2_84_RIGHT
SARS-CoV-2_85_LEFT	SARS-CoV-2_85_RIGHT
SARS-CoV-2_86_LEFT	SARS-CoV-2_86_RIGHT
SARS-CoV-2_87_LEFT	SARS-CoV-2_87_RIGHT
SARS-CoV-2_88_LEFT_alt1	SARS-CoV-2_88_RIGHT
SARS-CoV-2_89_LEFT	SARS-CoV-2_89_RIGHT_alt1
SARS-CoV-2_90_LEFT	SARS-CoV-2_90_RIGHT
SARS-CoV-2_91_LEFT	SARS-CoV-2_91_RIGHT
SARS-CoV-2_92_LEFT	SARS-CoV-2_92_RIGHT
SARS-CoV-2_93_LEFT	SARS-CoV-2_93_RIGHT
SARS-CoV-2_94_LEFT	SARS-CoV-2_94_RIGHT
SARS-CoV-2_95_LEFT	SARS-CoV-2_95_RIGHT
SARS-CoV-2_96_LEFT	SARS-CoV-2_96_RIGHT
SARS-CoV-2_97_LEFT	SARS-CoV-2_97_RIGHT
SARS-CoV-2_98_LEFT	SARS-CoV-2_98_RIGHT
SARS-CoV-2_99_LEFT	SARS-CoV-2_99_RIGHT
