KJ776791.2	29	52	400_1_out_L	plus	GACAGTTCGAGTTTGAAGCGAAAG	24	24	1.21e-09	100.000	100
KJ776791.2	504	483	400_1_out_R	minus	AGTATGCACTCCCACGTCTAGT	22	22	1.49e-08	100.000	100
KJ776791.2	360	381	400_2_out_L	plus	AAGAAAGATCTGGCTGCCATGC	22	22	1.49e-08	100.000	100
KJ776791.2	818	797	400_2_out_R	minus	TGATTCCAACCAGGTTTGCGAC	22	22	1.49e-08	100.000	100
KJ776791.2	659	680	400_3_out_L\*	plus	AGATGACGTCGATTGTTGGTGC	22	22	1.49e-08	100.000	100
KJ776791.2	1076	1055	400_3_out_R\*	minus	TACGGTGACACAACCTCCATGT	22	22	1.49e-08	100.000	100
KJ776791.2	979	1000	400_4_out_L	plus	TCAGGTGCATAGGAGTCAGCAA	22	22	1.49e-08	100.000	100
KJ776791.2	1415	1394	400_4_out_R	minus	GGAGCCATGAACTGACAGCATT	22	22	1.49e-08	100.000	100
KJ776791.2	1257	1278	400_5_out_L	plus	AGAACGTTAGTGGACAGAGGCT	22	22	1.49e-08	100.000	100
KJ776791.2	1723	1702	400_5_out_R	minus	TGTGCGTCCTTGAACTCTACCA	22	22	1.49e-08	100.000	100
KJ776791.2	1540	1561	400_6_out_L	plus	TTGATTGTGAACCGAGGACAGG	22	22	1.49e-08	100.000	100
KJ776791.2	1987	1966	400_6_out_R	minus	CCATCTGTCCCTGCGTACTGTA	22	22	1.49e-08	100.000	100
KJ776791.2	1876	1897	400_7_out_L	plus	TGAAGGGCGTGTCATACTCCTT	22	22	1.49e-08	100.000	100
KJ776791.2	2286	2265	400_7_out_R	minus	CGCCTCCAACTGATCCAAAGTC	22	22	1.49e-08	100.000	100
KJ776791.2	2152	2173	400_8_out_L\*	plus	GGGAGAAGAAGATCACCCACCA	22	22	1.49e-08	100.000	100
KJ776791.2	2629	2608	400_8_out_R\*	minus	TTGACTGCTGCTGCCAATCTAC	22	22	1.49e-08	100.000	100
KJ776791.2	2445	2466	400_9_out_L\*	plus	GCCTTAGGGGGAGTGTTGATCT	22	22	1.49e-08	100.000	100
KJ776791.2	2924	2903	400_9_out_R\*	minus	GAGTGGGCATTCCTTCAGTGTG	22	22	1.49e-08	100.000	100
KJ776791.2	2748	2769	400_10_out_L	plus	ACGGTCGTTGTGGGATCTGTAA	22	22	1.49e-08	100.000	100
KJ776791.2	3176	3155	400_10_out_R	minus	GTGGGACTTTGGCCATTCACAT	22	22	1.49e-08	100.000	100
KJ776791.2	3031	3052	400_11_out_L	plus	CAGCCGTTATTGGAACAGCTGT	22	22	1.49e-08	100.000	100
KJ776791.2	3503	3482	400_11_out_R	minus	CCTGGGCCTTATCTCCATTCCA	22	22	1.49e-08	100.000	100
KJ776791.2	3335	3356	400_12_out_L	plus	CACTAAGGTCCACGTGGAGGAA	22	22	1.49e-08	100.000	100
KJ776791.2	3785	3764	400_12_out_R	minus	TATCAGCGCCAGATGAGCTACA	22	22	1.49e-08	100.000	100
KJ776791.2	3658	3679	400_13_out_L	plus	TGGCAGTGCTGGTAGCTATGAT	22	22	1.49e-08	100.000	100
KJ776791.2	4099	4078	400_13_out_R	minus	AGAGAGAGGAGCATAAACCCCC	22	22	1.49e-08	100.000	100
KJ776791.2	3932	3953	400_14_out_L\*	plus	CAATGGTTTTGCTTTGGCCTGG	22	22	1.49e-08	100.000	100
KJ776791.2	4410	4389	400_14_out_R\*	minus	TTTCCCATGTGATGTCACCTGC	22	22	1.49e-08	100.000	100
KJ776791.2	4232	4253	400_15_out_L	plus	CCCTAGCGAAGTACTCACAGCT	22	22	1.49e-08	100.000	100
KJ776791.2	4681	4660	400_15_out_R	minus	TACACTCCATCTGTGGTCTCCC	22	22	1.49e-08	100.000	100
KJ776791.2	4543	4564	400_16_out_L\*	plus	GTGGCATGAACCCAATAGCCAT	22	22	1.49e-08	100.000	100
KJ776791.2	4987	4966	400_16_out_R\*	minus	GCTCCAATGTCCCCATCCTTTG	22	22	1.49e-08	100.000	100
KJ776791.2	4852	4873	400_17_out_L\*\*	plus	GTGGTCCATGGAAGCTAGATGC	22	22	1.49e-08	100.000	100
KJ776791.2	5326	5305	400_17_out_R\*\*	minus	CCTCTAAGGGCCTCCTCCATTT	22	22	8.10e-07	95.455	100
KJ776791.2	5137	5158	400_18_out_L\*\*	plus	CTGTTGAGTGCTTCGAGCCTTC	22	22	1.49e-08	100.000	100
KJ776791.2	5609	5588	400_18_out_R\*\*	minus	TGGTGAGTTGGAGTCCGGAAAT	22	22	1.49e-08	100.000	100
KJ776791.2	5462	5483	400_19_out_L	plus	TATGGATGAGGCCCACTTCACA	22	22	1.49e-08	100.000	100
KJ776791.2	5924	5903	400_19_out_R	minus	GCCATCAAGTATGACCGGCTTT	22	22	1.49e-08	100.000	100
KJ776791.2	5747	5768	400_20_out_L\*	plus	GGCTGGAAAACGGGTCATACAG	22	22	1.49e-08	100.000	100
KJ776791.2	6200	6179	400_20_out_R\*	minus	CCTTTGCTCCGTCCTAAGCTTG	22	22	1.49e-08	100.000	100
KJ776791.2	6047	6068	400_21_out_L\*	plus	AGAGACTGACGAAGACCATGCA	22	22	1.49e-08	100.000	100
KJ776791.2	6480	6459	400_21_out_R\*	minus	CTCCAAAAGCCGCTCCTCTTTT	22	22	1.49e-08	100.000	100
KJ776791.2	6354	6375	400_22_out_L\*\*	plus	TGGACCAGACACGGAGAGAAAA	22	22	1.49e-08	100.000	100
KJ776791.2	6778	6757	400_22_out_R\*\*	minus	ATTCTGGCTGGCTCAATTTCCG	22	22	1.49e-08	100.000	100
KJ776791.2	6674	6695	400_23_out_L	plus	CGTCTTGATGAGGAACAAGGGC	22	22	1.49e-08	100.000	100
KJ776791.2	7095	7074	400_23_out_R	minus	AAGTGGTCACTGCATGTTGGAC	22	22	1.49e-08	100.000	100
KJ776791.2	6961	6982	400_24_out_L\*\*	plus	TAATGGGAAGGAGAGAGGAGGG	22	22	1.49e-08	100.000	100
KJ776791.2	7416	7395	400_24_out_R\*\*	minus	TCTCCACTTGGGGGTCAATTGT	22	22	1.49e-08	100.000	100
KJ776791.2	7231	7252	400_25_out_L\*\*	plus	CCCTGACCCTAATAGTGGCCAT	22	22	1.49e-08	100.000	100
KJ776791.2	7707	7686	400_25_out_R\*\*	minus	CCTTCCATTTCTCTCCCAGGGT	22	22	1.49e-08	100.000	100
KJ776791.2	7555	7576	400_26_out_L	plus	ACTGGAACTCCTCTACAGCCAC	22	22	1.49e-08	100.000	100
KJ776791.2	7994	7973	400_26_out_R	minus	ACCAGGGCCTCCTTTTGTGTAT	22	22	1.49e-08	100.000	100
KJ776791.2	7842	7863	400_27_out_L	plus	AGTGCAAAGCTGAGATGGTTGG	22	22	1.49e-08	100.000	100
KJ776791.2	8318	8297	400_27_out_R	minus	ATGTGTAGAGTTGCGGGAGAGT	22	22	1.49e-08	100.000	100
KJ776791.2	8168	8189	400_28_out_L	plus	GGTGGGGGATTGGCTTGAAAAA	22	22	1.49e-08	100.000	100
KJ776791.2	8604	8583	400_28_out_R	minus	GGGCCTCATAGCTTCCATGGTA	22	22	1.49e-08	100.000	100
KJ776791.2	8431	8452	400_29_out_L	plus	AGGATGTGAATCTCGGCTCTGG	22	22	1.49e-08	100.000	100
KJ776791.2	8895	8874	400_29_out_R	minus	ATGCTGCATTGCTACGAACCTT	22	22	1.49e-08	100.000	100
KJ776791.2	8741	8762	400_30_out_L	plus	AAAAGTGGACACTAGGGTGCCA	22	22	1.49e-08	100.000	100
KJ776791.2	9206	9185	400_30_out_R	minus	TAATCCCAGCCCTTCAACACCA	22	22	1.49e-08	100.000	100
KJ776791.2	9053	9074	400_31_out_L	plus	ACAAGGGGAATTTGGAAAGGCC	22	22	1.49e-08	100.000	100
KJ776791.2	9495	9474	400_31_out_R	minus	CGTAAGTGACAACTTGTCCGCT	22	22	1.49e-08	100.000	100
KJ776791.2	9337	9358	400_32_out_L	plus	AAATGGAAAAAGGGCACAGGGC	22	22	8.10e-07	95.455	100
KJ776791.2	9777	9756	400_32_out_R	minus	TGTCCCATCCAGTTGAGGGTTT	22	22	1.49e-08	100.000	100
KJ776791.2	9638	9659	400_33_out_L\*	plus	CAAACGAATGGCAGTCAGTGGA	22	22	1.49e-08	100.000	100
KJ776791.2	10126	10105	400_33_out_R\*	minus	ATCCACACTCTGTTCCACACCA	22	22	1.49e-08	100.000	100
KJ776791.2	9970	9991	400_34_out_L\*	plus	ATTTCCACAGAAGGGACCTCCG	22	22	1.49e-08	100.000	100
KJ776791.2	10413	10393	400_34_out_R\*	minus	TGACTAGCAGGCCTGACAACA	22	21	5.64e-08	100.000	95
KJ776791.2	10242	10263	400_35_out_L	plus	ACCACCTGGGCTGAGAACATTA	22	22	1.49e-08	100.000	100
KJ776791.2	10669	10648	400_35_out_R	minus	ACCACTAGTCCCTCTTCTGGAG	22	22	1.49e-08	100.000	100
