Primer Name	Sequence (5'-3')	Primer pool		Notes:
400_1_out_L	GACAGTTCGAGTTTGAAGCGAAAG	1		Pool primers marked "*" at 50 µM and primers marked "**" at 100 µM, pool all others at 10 µM.
400_1_out_R	AGTATGCACTCCCACGTCTAGT	1		This will help to normalize the coverage when sequencing low titer samples.
400_2_out_L	AAGAAAGATCTGGCTGCCATGC	2		
400_2_out_R	TGATTCCAACCAGGTTTGCGAC	2		
400_3_out_L*	AGATGACGTCGATTGTTGGTGC	1		
400_3_out_R*	TACGGTGACACAACCTCCATGT	1		
400_4_out_L	TCAGGTGCATAGGAGTCAGCAA	2		
400_4_out_R	GGAGCCATGAACTGACAGCATT	2		
400_5_out_L	AGAACGTTAGTGGACAGAGGCT	1		
400_5_out_R	TGTGCGTCCTTGAACTCTACCA	1		
400_6_out_L	TTGATTGTGAACCGAGGACAGG	2		
400_6_out_R	CCATCTGTCCCTGCGTACTGTA	2		
400_7_out_L	TGAAGGGCGTGTCATACTCCTT	1		
400_7_out_R	CGCCTCCAACTGATCCAAAGTC	1		
400_8_out_L*	GGGAGAAGAAGATCACCCACCA	2		
400_8_out_R*	TTGACTGCTGCTGCCAATCTAC	2		
400_9_out_L*	GCCTTAGGGGGAGTGTTGATCT	1		
400_9_out_R*	GAGTGGGCATTCCTTCAGTGTG	1		
400_10_out_L	ACGGTCGTTGTGGGATCTGTAA	2		
400_10_out_R	GTGGGACTTTGGCCATTCACAT	2		
400_11_out_L	CAGCCGTTATTGGAACAGCTGT	1		
400_11_out_R	CCTGGGCCTTATCTCCATTCCA	1		
400_12_out_L	CACTAAGGTCCACGTGGAGGAA	2		
400_12_out_R	TATCAGCGCCAGATGAGCTACA	2		
400_13_out_L	TGGCAGTGCTGGTAGCTATGAT	1		
400_13_out_R	AGAGAGAGGAGCATAAACCCCC	1		
400_14_out_L*	CAATGGTTTTGCTTTGGCCTGG	2		
400_14_out_R*	TTTCCCATGTGATGTCACCTGC	2		
400_15_out_L	CCCTAGCGAAGTACTCACAGCT	1		
400_15_out_R	TACACTCCATCTGTGGTCTCCC	1		
400_16_out_L*	GTGGCATGAACCCAATAGCCAT	2		
400_16_out_R*	GCTCCAATGTCCCCATCCTTTG	2		
400_17_out_L**	GTGGTCCATGGAAGCTAGATGC	1		
400_17_out_R**	CCTCTAAGGGCCTCCTCCATTT	1		
400_18_out_L**	CTGTTGAGTGCTTCGAGCCTTC	2		
400_18_out_R**	TGGTGAGTTGGAGTCCGGAAAT	2		
400_19_out_L	TATGGATGAGGCCCACTTCACA	1		
400_19_out_R	GCCATCAAGTATGACCGGCTTT	1		
400_20_out_L*	GGCTGGAAAACGGGTCATACAG	2		
400_20_out_R*	CCTTTGCTCCGTCCTAAGCTTG	2		
400_21_out_L*	AGAGACTGACGAAGACCATGCA	1		
400_21_out_R*	CTCCAAAAGCCGCTCCTCTTTT	1		
400_22_out_L**	TGGACCAGACACGGAGAGAAAA	2		
400_22_out_R**	ATTCTGGCTGGCTCAATTTCCG	2		
400_23_out_L	CGTCTTGATGAGGAACAAGGGC	1		
400_23_out_R	AAGTGGTCACTGCATGTTGGAC	1		
400_24_out_L**	TAATGGGAAGGAGAGAGGAGGG	2		
400_24_out_R**	TCTCCACTTGGGGGTCAATTGT	2		
400_25_out_L**	CCCTGACCCTAATAGTGGCCAT	1		
400_25_out_R**	CCTTCCATTTCTCTCCCAGGGT	1		
400_26_out_L	ACTGGAACTCCTCTACAGCCAC	2		
400_26_out_R	ACCAGGGCCTCCTTTTGTGTAT	2		
400_27_out_L	AGTGCAAAGCTGAGATGGTTGG	1		
400_27_out_R	ATGTGTAGAGTTGCGGGAGAGT	1		
400_28_out_L	GGTGGGGGATTGGCTTGAAAAA	2		
400_28_out_R	GGGCCTCATAGCTTCCATGGTA	2		
400_29_out_L	AGGATGTGAATCTCGGCTCTGG	1		
400_29_out_R	ATGCTGCATTGCTACGAACCTT	1		
400_30_out_L	AAAAGTGGACACTAGGGTGCCA	2		
400_30_out_R	TAATCCCAGCCCTTCAACACCA	2		
400_31_out_L	ACAAGGGGAATTTGGAAAGGCC	1		
400_31_out_R	CGTAAGTGACAACTTGTCCGCT	1		
400_32_out_L	AAATGGAAAAAGGGCACAGGGC	2		
400_32_out_R	TGTCCCATCCAGTTGAGGGTTT	2		
400_33_out_L*	CAAACGAATGGCAGTCAGTGGA	1		
400_33_out_R*	ATCCACACTCTGTTCCACACCA	1		
400_34_out_L*	ATTTCCACAGAAGGGACCTCCG	2		
400_34_out_R*	TGACTAGCAGGCCTGACAACAT	2		
400_35_out_L	ACCACCTGGGCTGAGAACATTA	1		
400_35_out_R	ACCACTAGTCCCTCTTCTGGAG	1		