KU501215.1	28	51	400_1_out_L	plus	GACAGTTCGAGTTTGAAGCGAAAG	24	24	1.19e-09	100.000	100
KU501215.1	503	482	400_1_out_R	minus	AGTATGCACTCCCACGTCTAGT	22	22	1.47e-08	100.000	100
KU501215.1	359	380	400_2_out_L	plus	AAGAAAGATCTGGCTGCCATGC	22	22	1.47e-08	100.000	100
KU501215.1	817	796	400_2_out_R	minus	TGATTCCAACCAGGTTTGCGAC	22	22	1.47e-08	100.000	100
KU501215.1	658	679	400_3_out_L\*	plus	AGATGACGTCGATTGTTGGTGC	22	22	1.47e-08	100.000	100
KU501215.1	1075	1054	400_3_out_R\*	minus	TACGGTGACACAACCTCCATGT	22	22	1.47e-08	100.000	100
KU501215.1	978	999	400_4_out_L	plus	TCAGGTGCATAGGAGTCAGCAA	22	22	1.47e-08	100.000	100
KU501215.1	1414	1393	400_4_out_R	minus	GGAGCCATGAACTGACAGCATT	22	22	1.47e-08	100.000	100
KU501215.1	1256	1277	400_5_out_L	plus	AGAACGTTAGTGGACAGAGGCT	22	22	1.47e-08	100.000	100
KU501215.1	1722	1701	400_5_out_R	minus	TGTGCGTCCTTGAACTCTACCA	22	22	1.47e-08	100.000	100
KU501215.1	1539	1560	400_6_out_L	plus	TTGATTGTGAACCGAGGACAGG	22	22	1.47e-08	100.000	100
KU501215.1	1986	1965	400_6_out_R	minus	CCATCTGTCCCTGCGTACTGTA	22	22	1.47e-08	100.000	100
KU501215.1	1875	1896	400_7_out_L	plus	TGAAGGGCGTGTCATACTCCTT	22	22	1.47e-08	100.000	100
KU501215.1	2285	2264	400_7_out_R	minus	CGCCTCCAACTGATCCAAAGTC	22	22	1.47e-08	100.000	100
KU501215.1	2151	2172	400_8_out_L\*	plus	GGGAGAAGAAGATCACCCACCA	22	22	1.47e-08	100.000	100
KU501215.1	2628	2607	400_8_out_R\*	minus	TTGACTGCTGCTGCCAATCTAC	22	22	1.47e-08	100.000	100
KU501215.1	2444	2465	400_9_out_L\*	plus	GCCTTAGGGGGAGTGTTGATCT	22	22	1.47e-08	100.000	100
KU501215.1	2923	2902	400_9_out_R\*	minus	GAGTGGGCATTCCTTCAGTGTG	22	22	1.47e-08	100.000	100
KU501215.1	2747	2768	400_10_out_L	plus	ACGGTCGTTGTGGGATCTGTAA	22	22	1.47e-08	100.000	100
KU501215.1	3175	3154	400_10_out_R	minus	GTGGGACTTTGGCCATTCACAT	22	22	1.47e-08	100.000	100
KU501215.1	3030	3051	400_11_out_L	plus	CAGCCGTTATTGGAACAGCTGT	22	22	1.47e-08	100.000	100
KU501215.1	3502	3481	400_11_out_R	minus	CCTGGGCCTTATCTCCATTCCA	22	22	1.47e-08	100.000	100
KU501215.1	3334	3355	400_12_out_L	plus	CACTAAGGTCCACGTGGAGGAA	22	22	1.47e-08	100.000	100
KU501215.1	3784	3763	400_12_out_R	minus	TATCAGCGCCAGATGAGCTACA	22	22	1.47e-08	100.000	100
KU501215.1	3657	3678	400_13_out_L	plus	TGGCAGTGCTGGTAGCTATGAT	22	22	1.47e-08	100.000	100
KU501215.1	4098	4077	400_13_out_R	minus	AGAGAGAGGAGCATAAACCCCC	22	22	1.47e-08	100.000	100
KU501215.1	3931	3952	400_14_out_L\*	plus	CAATGGTTTTGCTTTGGCCTGG	22	22	1.47e-08	100.000	100
KU501215.1	4409	4388	400_14_out_R\*	minus	TTTCCCATGTGATGTCACCTGC	22	22	1.47e-08	100.000	100
KU501215.1	4231	4252	400_15_out_L	plus	CCCTAGCGAAGTACTCACAGCT	22	22	1.47e-08	100.000	100
KU501215.1	4680	4659	400_15_out_R	minus	TACACTCCATCTGTGGTCTCCC	22	22	1.47e-08	100.000	100
KU501215.1	4542	4563	400_16_out_L\*	plus	GTGGCATGAACCCAATAGCCAT	22	22	1.47e-08	100.000	100
KU501215.1	4986	4965	400_16_out_R\*	minus	GCTCCAATGTCCCCATCCTTTG	22	22	1.47e-08	100.000	100
KU501215.1	4851	4872	400_17_out_L\*\*	plus	GTGGTCCATGGAAGCTAGATGC	22	22	1.47e-08	100.000	100
KU501215.1	5325	5304	400_17_out_R\*\*	minus	CCTCTAAGGGCCTCCTCCATTT	22	22	1.47e-08	100.000	100
KU501215.1	5136	5154	400_18_out_L\*\*	plus	CTGTTGAGTGCTTCGAGCC	22	19	8.00e-07	100.000	86
KU501215.1	5608	5587	400_18_out_R\*\*	minus	TGGTGAGTTGGAGTCCGGAAAT	22	22	1.47e-08	100.000	100
KU501215.1	5461	5482	400_19_out_L	plus	TATGGATGAGGCCCACTTCACA	22	22	1.47e-08	100.000	100
KU501215.1	5923	5902	400_19_out_R	minus	GCCATCAAGTATGACCGGCTTT	22	22	1.47e-08	100.000	100
KU501215.1	5746	5767	400_20_out_L\*	plus	GGCTGGAAAACGGGTCATACAG	22	22	1.47e-08	100.000	100
KU501215.1	6199	6178	400_20_out_R\*	minus	CCTTTGCTCCGTCCTAAGCTTG	22	22	1.47e-08	100.000	100
KU501215.1	6046	6067	400_21_out_L\*	plus	AGAGACTGACGAAGACCATGCA	22	22	1.47e-08	100.000	100
KU501215.1	6479	6458	400_21_out_R\*	minus	CTCCAAAAGCCGCTCCTCTTTT	22	22	1.47e-08	100.000	100
KU501215.1	6353	6374	400_22_out_L\*\*	plus	TGGACCAGACACGGAGAGAAAA	22	22	1.47e-08	100.000	100
KU501215.1	6777	6756	400_22_out_R\*\*	minus	ATTCTGGCTGGCTCAATTTCCG	22	22	1.47e-08	100.000	100
KU501215.1	6673	6694	400_23_out_L	plus	CGTCTTGATGAGGAACAAGGGC	22	22	1.47e-08	100.000	100
KU501215.1	7092	7073	400_23_out_R	minus	GTGGTCACTGCATGTTGGAC	22	20	2.11e-07	100.000	91
KU501215.1	6960	6981	400_24_out_L\*\*	plus	TAATGGGAAGGAGAGAGGAGGG	22	22	1.47e-08	100.000	100
KU501215.1	7415	7394	400_24_out_R\*\*	minus	TCTCCACTTGGGGGTCAATTGT	22	22	1.47e-08	100.000	100
KU501215.1	7230	7251	400_25_out_L\*\*	plus	CCCTGACCCTAATAGTGGCCAT	22	22	1.47e-08	100.000	100
KU501215.1	7706	7685	400_25_out_R\*\*	minus	CCTTCCATTTCTCTCCCAGGGT	22	22	1.47e-08	100.000	100
KU501215.1	7554	7575	400_26_out_L	plus	ACTGGAACTCCTCTACAGCCAC	22	22	1.47e-08	100.000	100
KU501215.1	7993	7972	400_26_out_R	minus	ACCAGGGCCTCCTTTTGTGTAT	22	22	1.47e-08	100.000	100
KU501215.1	7841	7862	400_27_out_L	plus	AGTGCAAAGCTGAGATGGTTGG	22	22	1.47e-08	100.000	100
KU501215.1	8317	8296	400_27_out_R	minus	ATGTGTAGAGTTGCGGGAGAGT	22	22	1.47e-08	100.000	100
KU501215.1	8167	8188	400_28_out_L	plus	GGTGGGGGATTGGCTTGAAAAA	22	22	1.47e-08	100.000	100
KU501215.1	8603	8582	400_28_out_R	minus	GGGCCTCATAGCTTCCATGGTA	22	22	1.47e-08	100.000	100
KU501215.1	8430	8451	400_29_out_L	plus	AGGATGTGAATCTCGGCTCTGG	22	22	1.47e-08	100.000	100
KU501215.1	8894	8873	400_29_out_R	minus	ATGCTGCATTGCTACGAACCTT	22	22	1.47e-08	100.000	100
KU501215.1	8740	8761	400_30_out_L	plus	AAAAGTGGACACTAGGGTGCCA	22	22	1.47e-08	100.000	100
KU501215.1	9205	9184	400_30_out_R	minus	TAATCCCAGCCCTTCAACACCA	22	22	1.47e-08	100.000	100
KU501215.1	9052	9073	400_31_out_L	plus	ACAAGGGGAATTTGGAAAGGCC	22	22	1.47e-08	100.000	100
KU501215.1	9494	9473	400_31_out_R	minus	CGTAAGTGACAACTTGTCCGCT	22	22	1.47e-08	100.000	100
KU501215.1	9336	9357	400_32_out_L	plus	AAATGGAAAAAGGGCACAGGGC	22	22	8.00e-07	95.455	100
KU501215.1	9776	9755	400_32_out_R	minus	TGTCCCATCCAGTTGAGGGTTT	22	22	1.47e-08	100.000	100
KU501215.1	9637	9658	400_33_out_L\*	plus	CAAACGAATGGCAGTCAGTGGA	22	22	1.47e-08	100.000	100
KU501215.1	10125	10104	400_33_out_R\*	minus	ATCCACACTCTGTTCCACACCA	22	22	1.47e-08	100.000	100
KU501215.1	9969	9990	400_34_out_L\*	plus	ATTTCCACAGAAGGGACCTCCG	22	22	1.47e-08	100.000	100
KU501215.1	10412	10391	400_34_out_R\*	minus	TGACTAGCAGGCCTGACAACAT	22	22	1.47e-08	100.000	100
KU501215.1	10241	10262	400_35_out_L	plus	ACCACCTGGGCTGAGAACATTA	22	22	1.47e-08	100.000	100
KU501215.1	10668	10647	400_35_out_R	minus	ACCACTAGTCCCTCTTCTGGAG	22	22	1.47e-08	100.000	100
