KX087101.3	1	24	400_1_out_L	plus	GACAGTTCGAGTTTGAAGCGAAAG	24	24	1.20e-09	100.000	100
KX087101.3	476	455	400_1_out_R	minus	AGTATGCACTCCCACGTCTAGT	22	22	1.48e-08	100.000	100
KX087101.3	332	353	400_2_out_L	plus	AAGAAAGATCTGGCTGCCATGC	22	22	1.48e-08	100.000	100
KX087101.3	790	769	400_2_out_R	minus	TGATTCCAACCAGGTTTGCGAC	22	22	1.48e-08	100.000	100
KX087101.3	631	652	400_3_out_L\*	plus	AGATGACGTCGATTGTTGGTGC	22	22	1.48e-08	100.000	100
KX087101.3	1048	1027	400_3_out_R\*	minus	TACGGTGACACAACCTCCATGT	22	22	1.48e-08	100.000	100
KX087101.3	951	972	400_4_out_L	plus	TCAGGTGCATAGGAGTCAGCAA	22	22	1.48e-08	100.000	100
KX087101.3	1387	1366	400_4_out_R	minus	GGAGCCATGAACTGACAGCATT	22	22	1.48e-08	100.000	100
KX087101.3	1229	1250	400_5_out_L	plus	AGAACGTTAGTGGACAGAGGCT	22	22	1.48e-08	100.000	100
KX087101.3	1695	1674	400_5_out_R	minus	TGTGCGTCCTTGAACTCTACCA	22	22	1.48e-08	100.000	100
KX087101.3	1512	1533	400_6_out_L	plus	TTGATTGTGAACCGAGGACAGG	22	22	1.48e-08	100.000	100
KX087101.3	1959	1938	400_6_out_R	minus	CCATCTGTCCCTGCGTACTGTA	22	22	1.48e-08	100.000	100
KX087101.3	1848	1869	400_7_out_L	plus	TGAAGGGCGTGTCATACTCCTT	22	22	1.48e-08	100.000	100
KX087101.3	2258	2237	400_7_out_R	minus	CGCCTCCAACTGATCCAAAGTC	22	22	1.48e-08	100.000	100
KX087101.3	2124	2145	400_8_out_L\*	plus	GGGAGAAGAAGATCACCCACCA	22	22	1.48e-08	100.000	100
KX087101.3	2601	2580	400_8_out_R\*	minus	TTGACTGCTGCTGCCAATCTAC	22	22	1.48e-08	100.000	100
KX087101.3	2417	2438	400_9_out_L\*	plus	GCCTTAGGGGGAGTGTTGATCT	22	22	1.48e-08	100.000	100
KX087101.3	2896	2875	400_9_out_R\*	minus	GAGTGGGCATTCCTTCAGTGTG	22	22	1.48e-08	100.000	100
KX087101.3	2720	2741	400_10_out_L	plus	ACGGTCGTTGTGGGATCTGTAA	22	22	1.48e-08	100.000	100
KX087101.3	3148	3127	400_10_out_R	minus	GTGGGACTTTGGCCATTCACAT	22	22	1.48e-08	100.000	100
KX087101.3	3003	3024	400_11_out_L	plus	CAGCCGTTATTGGAACAGCTGT	22	22	1.48e-08	100.000	100
KX087101.3	3475	3454	400_11_out_R	minus	CCTGGGCCTTATCTCCATTCCA	22	22	1.48e-08	100.000	100
KX087101.3	3307	3328	400_12_out_L	plus	CACTAAGGTCCACGTGGAGGAA	22	22	1.48e-08	100.000	100
KX087101.3	3757	3736	400_12_out_R	minus	TATCAGCGCCAGATGAGCTACA	22	22	1.48e-08	100.000	100
KX087101.3	3630	3651	400_13_out_L	plus	TGGCAGTGCTGGTAGCTATGAT	22	22	1.48e-08	100.000	100
KX087101.3	4071	4050	400_13_out_R	minus	AGAGAGAGGAGCATAAACCCCC	22	22	1.48e-08	100.000	100
KX087101.3	3904	3925	400_14_out_L\*	plus	CAATGGTTTTGCTTTGGCCTGG	22	22	1.48e-08	100.000	100
KX087101.3	4382	4361	400_14_out_R\*	minus	TTTCCCATGTGATGTCACCTGC	22	22	1.48e-08	100.000	100
KX087101.3	4204	4225	400_15_out_L	plus	CCCTAGCGAAGTACTCACAGCT	22	22	1.48e-08	100.000	100
KX087101.3	4653	4632	400_15_out_R	minus	TACACTCCATCTGTGGTCTCCC	22	22	1.48e-08	100.000	100
KX087101.3	4515	4536	400_16_out_L\*	plus	GTGGCATGAACCCAATAGCCAT	22	22	1.48e-08	100.000	100
KX087101.3	4959	4938	400_16_out_R\*	minus	GCTCCAATGTCCCCATCCTTTG	22	22	1.48e-08	100.000	100
KX087101.3	4824	4845	400_17_out_L\*\*	plus	GTGGTCCATGGAAGCTAGATGC	22	22	1.48e-08	100.000	100
KX087101.3	5298	5277	400_17_out_R\*\*	minus	CCTCTAAGGGCCTCCTCCATTT	22	22	1.48e-08	100.000	100
KX087101.3	5109	5127	400_18_out_L\*\*	plus	CTGTTGAGTGCTTCGAGCC	22	19	8.08e-07	100.000	86
KX087101.3	5581	5560	400_18_out_R\*\*	minus	TGGTGAGTTGGAGTCCGGAAAT	22	22	1.48e-08	100.000	100
KX087101.3	5434	5455	400_19_out_L	plus	TATGGATGAGGCCCACTTCACA	22	22	1.48e-08	100.000	100
KX087101.3	5896	5875	400_19_out_R	minus	GCCATCAAGTATGACCGGCTTT	22	22	1.48e-08	100.000	100
KX087101.3	5719	5740	400_20_out_L\*	plus	GGCTGGAAAACGGGTCATACAG	22	22	1.48e-08	100.000	100
KX087101.3	6172	6151	400_20_out_R\*	minus	CCTTTGCTCCGTCCTAAGCTTG	22	22	1.48e-08	100.000	100
KX087101.3	6019	6040	400_21_out_L\*	plus	AGAGACTGACGAAGACCATGCA	22	22	1.48e-08	100.000	100
KX087101.3	6452	6431	400_21_out_R\*	minus	CTCCAAAAGCCGCTCCTCTTTT	22	22	1.48e-08	100.000	100
KX087101.3	6326	6347	400_22_out_L\*\*	plus	TGGACCAGACACGGAGAGAAAA	22	22	1.48e-08	100.000	100
KX087101.3	6750	6729	400_22_out_R\*\*	minus	ATTCTGGCTGGCTCAATTTCCG	22	22	1.48e-08	100.000	100
KX087101.3	6646	6667	400_23_out_L	plus	CGTCTTGATGAGGAACAAGGGC	22	22	1.48e-08	100.000	100
KX087101.3	7065	7046	400_23_out_R	minus	GTGGTCACTGCATGTTGGAC	22	20	2.13e-07	100.000	91
KX087101.3	6933	6954	400_24_out_L\*\*	plus	TAATGGGAAGGAGAGAGGAGGG	22	22	1.48e-08	100.000	100
KX087101.3	7388	7367	400_24_out_R\*\*	minus	TCTCCACTTGGGGGTCAATTGT	22	22	1.48e-08	100.000	100
KX087101.3	7203	7224	400_25_out_L\*\*	plus	CCCTGACCCTAATAGTGGCCAT	22	22	1.48e-08	100.000	100
KX087101.3	7679	7658	400_25_out_R\*\*	minus	CCTTCCATTTCTCTCCCAGGGT	22	22	1.48e-08	100.000	100
KX087101.3	7527	7548	400_26_out_L	plus	ACTGGAACTCCTCTACAGCCAC	22	22	1.48e-08	100.000	100
KX087101.3	7966	7945	400_26_out_R	minus	ACCAGGGCCTCCTTTTGTGTAT	22	22	1.48e-08	100.000	100
KX087101.3	7814	7835	400_27_out_L	plus	AGTGCAAAGCTGAGATGGTTGG	22	22	1.48e-08	100.000	100
KX087101.3	8290	8269	400_27_out_R	minus	ATGTGTAGAGTTGCGGGAGAGT	22	22	1.48e-08	100.000	100
KX087101.3	8140	8161	400_28_out_L	plus	GGTGGGGGATTGGCTTGAAAAA	22	22	1.48e-08	100.000	100
KX087101.3	8576	8555	400_28_out_R	minus	GGGCCTCATAGCTTCCATGGTA	22	22	1.48e-08	100.000	100
KX087101.3	8403	8424	400_29_out_L	plus	AGGATGTGAATCTCGGCTCTGG	22	22	1.48e-08	100.000	100
KX087101.3	8867	8846	400_29_out_R	minus	ATGCTGCATTGCTACGAACCTT	22	22	1.48e-08	100.000	100
KX087101.3	8713	8734	400_30_out_L	plus	AAAAGTGGACACTAGGGTGCCA	22	22	1.48e-08	100.000	100
KX087101.3	9178	9157	400_30_out_R	minus	TAATCCCAGCCCTTCAACACCA	22	22	1.48e-08	100.000	100
KX087101.3	9025	9046	400_31_out_L	plus	ACAAGGGGAATTTGGAAAGGCC	22	22	1.48e-08	100.000	100
KX087101.3	9467	9446	400_31_out_R	minus	CGTAAGTGACAACTTGTCCGCT	22	22	1.48e-08	100.000	100
KX087101.3	9309	9330	400_32_out_L	plus	AAATGGAAAAAGGGCACAGGGC	22	22	8.08e-07	95.455	100
KX087101.3	9749	9728	400_32_out_R	minus	TGTCCCATCCAGTTGAGGGTTT	22	22	1.48e-08	100.000	100
KX087101.3	9610	9631	400_33_out_L\*	plus	CAAACGAATGGCAGTCAGTGGA	22	22	1.48e-08	100.000	100
KX087101.3	10098	10077	400_33_out_R\*	minus	ATCCACACTCTGTTCCACACCA	22	22	1.48e-08	100.000	100
KX087101.3	9942	9963	400_34_out_L\*	plus	ATTTCCACAGAAGGGACCTCCG	22	22	1.48e-08	100.000	100
KX087101.3	10385	10364	400_34_out_R\*	minus	TGACTAGCAGGCCTGACAACAT	22	22	1.48e-08	100.000	100
KX087101.3	10214	10235	400_35_out_L	plus	ACCACCTGGGCTGAGAACATTA	22	22	1.48e-08	100.000	100
KX087101.3	10641	10620	400_35_out_R	minus	ACCACTAGTCCCTCTTCTGGAG	22	22	1.48e-08	100.000	100
